[
    {
        "symbol": "H",
        "radius": 0.25,
        "covalent radius": 0.25
    },
    {
        "symbol": "Li",
        "radius": 1.45,
        "covalent radius": 1.45
    },
    {
        "symbol": "Be",
        "radius": 1.05,
        "covalent radius": 1.05
    },
    {
        "symbol": "B",
        "radius": 0.85,
        "covalent radius": 0.85
    },
    {
        "symbol": "C",
        "radius": 0.7,
        "covalent radius": 0.7
    },
    {
        "symbol": "N",
        "radius": 0.65,
        "covalent radius": 0.65
    },
    {
        "symbol": "O",
        "radius": 0.6,
        "covalent radius": 0.6
    },
    {
        "symbol": "F",
        "radius": 0.5,
        "covalent radius": 0.5
    },
    {
        "symbol": "Na",
        "radius": 1.8,
        "covalent radius": 1.8
    },
    {
        "symbol": "Mg",
        "radius": 1.5,
        "covalent radius": 1.5
    },
    {
        "symbol": "Al",
        "radius": 1.25,
        "covalent radius": 1.25
    },
    {
        "symbol": "Si",
        "radius": 1.1,
        "covalent radius": 1.1
    },
    {
        "symbol": "P",
        "radius": 1,
        "covalent radius": 1
    },
    {
        "symbol": "S",
        "radius": 1,
        "covalent radius": 1
    },
    {
        "symbol": "Cl",
        "radius": 1,
        "covalent radius": 1
    },
    {
        "symbol": "K",
        "radius": 2.2,
        "covalent radius": 2.2
    },
    {
        "symbol": "Ca",
        "radius": 1.8,
        "covalent radius": 1.8
    },
    {
        "symbol": "Sc",
        "radius": 1.6,
        "covalent radius": 1.6
    },
    {
        "symbol": "Ti",
        "radius": 1.4,
        "covalent radius": 1.4
    },
    {
        "symbol": "V",
        "radius": 1.35,
        "covalent radius": 1.35
    },
    {
        "symbol": "Cr",
        "radius": 1.4,
        "covalent radius": 1.4
    },
    {
        "symbol": "Mn",
        "radius": 1.4,
        "covalent radius": 1.4
    },
    {
        "symbol": "Fe",
        "radius": 1.4,
        "covalent radius": 1.4
    },
    {
        "symbol": "Co",
        "radius": 1.35,
        "covalent radius": 1.35
    },
    {
        "symbol": "Ni",
        "radius": 1.35,
        "covalent radius": 1.35
    },
    {
        "symbol": "Cu",
        "radius": 1.35,
        "covalent radius": 1.35
    },
    {
        "symbol": "Zn",
        "radius": 1.35,
        "covalent radius": 1.35
    },
    {
        "symbol": "Ga",
        "radius": 1.3,
        "covalent radius": 1.3
    },
    {
        "symbol": "Ge",
        "radius": 1.25,
        "covalent radius": 1.25
    },
    {
        "symbol": "As",
        "radius": 1.15,
        "covalent radius": 1.15
    },
    {
        "symbol": "Se",
        "radius": 1.15,
        "covalent radius": 1.15
    },
    {
        "symbol": "Br",
        "radius": 1.15,
        "covalent radius": 1.15
    },
    {
        "symbol": "Rb",
        "radius": 2.35,
        "covalent radius": 2.35
    },
    {
        "symbol": "Sr",
        "radius": 2,
        "covalent radius": 2
    },
    {
        "symbol": "Y",
        "radius": 1.8,
        "covalent radius": 1.8
    },
    {
        "symbol": "Zr",
        "radius": 1.55,
        "covalent radius": 1.55
    },
    {
        "symbol": "Nb",
        "radius": 1.45,
        "covalent radius": 1.45
    },
    {
        "symbol": "Mo",
        "radius": 1.45,
        "covalent radius": 1.45
    },
    {
        "symbol": "Tc",
        "radius": 1.35,
        "covalent radius": 1.35
    },
    {
        "symbol": "Ru",
        "radius": 1.3,
        "covalent radius": 1.3
    },
    {
        "symbol": "Rh",
        "radius": 1.35,
        "covalent radius": 1.35
    },
    {
        "symbol": "Pd",
        "radius": 1.4,
        "covalent radius": 1.4
    },
    {
        "symbol": "Ag",
        "radius": 1.6,
        "covalent radius": 1.6
    },
    {
        "symbol": "Cd",
        "radius": 1.55,
        "covalent radius": 1.55
    },
    {
        "symbol": "In",
        "radius": 1.55,
        "covalent radius": 1.55
    },
    {
        "symbol": "Sn",
        "radius": 1.45,
        "covalent radius": 1.45
    },
    {
        "symbol": "Sb",
        "radius": 1.45,
        "covalent radius": 1.45
    },
    {
        "symbol": "Te",
        "radius": 1.4,
        "covalent radius": 1.4
    },
    {
        "symbol": "I",
        "radius": 1.4,
        "covalent radius": 1.4
    },
    {
        "symbol": "Cs",
        "radius": 2.6,
        "covalent radius": 2.6
    },
    {
        "symbol": "Ba",
        "radius": 2.15,
        "covalent radius": 2.15
    },
    {
        "symbol": "Lu",
        "radius": 1.75,
        "covalent radius": 1.75
    },
    {
        "symbol": "Hf",
        "radius": 1.55,
        "covalent radius": 1.55
    },
    {
        "symbol": "Ta",
        "radius": 1.45,
        "covalent radius": 1.45
    },
    {
        "symbol": "W",
        "radius": 1.35,
        "covalent radius": 1.35
    },
    {
        "symbol": "Re",
        "radius": 1.35,
        "covalent radius": 1.35
    },
    {
        "symbol": "Os",
        "radius": 1.3,
        "covalent radius": 1.3
    },
    {
        "symbol": "Ir",
        "radius": 1.35,
        "covalent radius": 1.35
    },
    {
        "symbol": "Pt",
        "radius": 1.35,
        "covalent radius": 1.35
    },
    {
        "symbol": "Au",
        "radius": 1.35,
        "covalent radius": 1.35
    },
    {
        "symbol": "Hg",
        "radius": 1.5,
        "covalent radius": 1.5
    },
    {
        "symbol": "Tl",
        "radius": 1.9,
        "covalent radius": 1.9
    },
    {
        "symbol": "Pb",
        "radius": 1.8,
        "covalent radius": 1.8
    },
    {
        "symbol": "Bi",
        "radius": 1.6,
        "covalent radius": 1.6
    },
    {
        "symbol": "Po",
        "radius": 1.9,
        "covalent radius": 1.9
    },
    {
        "symbol": "Ra",
        "radius": 2.15,
        "covalent radius": 2.15
    },
    {
        "symbol": "La",
        "radius": 1.95,
        "covalent radius": 1.95
    },
    {
        "symbol": "Ce",
        "radius": 1.85,
        "covalent radius": 1.85
    },
    {
        "symbol": "Pr",
        "radius": 1.85,
        "covalent radius": 1.85
    },
    {
        "symbol": "Nd",
        "radius": 1.85,
        "covalent radius": 1.85
    },
    {
        "symbol": "Pm",
        "radius": 1.85,
        "covalent radius": 1.85
    },
    {
        "symbol": "Sm",
        "radius": 1.85,
        "covalent radius": 1.85
    },
    {
        "symbol": "Eu",
        "radius": 1.85,
        "covalent radius": 1.85
    },
    {
        "symbol": "Gd",
        "radius": 1.8,
        "covalent radius": 1.8
    },
    {
        "symbol": "Tb",
        "radius": 1.75,
        "covalent radius": 1.75
    },
    {
        "symbol": "Dy",
        "radius": 1.75,
        "covalent radius": 1.75
    },
    {
        "symbol": "Ho",
        "radius": 1.75,
        "covalent radius": 1.75
    },
    {
        "symbol": "Er",
        "radius": 1.75,
        "covalent radius": 1.75
    },
    {
        "symbol": "Tm",
        "radius": 1.75,
        "covalent radius": 1.75
    },
    {
        "symbol": "Yb",
        "radius": 1.75,
        "covalent radius": 1.75
    },
    {
        "symbol": "Ac",
        "radius": 1.95,
        "covalent radius": 1.95
    },
    {
        "symbol": "Th",
        "radius": 1.8,
        "covalent radius": 1.8
    },
    {
        "symbol": "Pa",
        "radius": 1.8,
        "covalent radius": 1.8
    },
    {
        "symbol": "U",
        "radius": 1.75,
        "covalent radius": 1.75
    },
    {
        "symbol": "Np",
        "radius": 1.75,
        "covalent radius": 1.75
    },
    {
        "symbol": "Pu",
        "radius": 1.75,
        "covalent radius": 1.75
    },
    {
        "symbol": "Am",
        "radius": 1.75,
        "covalent radius": 1.75
    },
    {
        "symbol": "Cm",
        "radius": 1.75,
        "covalent radius": 1.75
    },
    {
        "symbol": "X",
        "radius": 1,
        "covalent radius": 1
    }
]