[
    {
        "Name": "H",
        "Properties": {
            "Base Color": [
                1,
                1,
                1,
                1
            ]
        }
    },
    {
        "Name": "C",
        "Properties": {
            "Base Color": [
                0,
                0,
                0,
                1
            ]
        }
    },
    {
        "Name": "O",
        "Properties": {
            "Base Color": [
                1,
                0.05098039215,
                0.05098039215,
                1
            ]
        }
    },
    {
        "Name": "X",
        "Properties": {
            "Base Color": [
                0,
                0,
                0,
                1
            ]
        }
    },
    {
        "Name": "Bond",
        "Properties": {
            "Base Color": [
                0.5,
                0.5,
                0.5,
                1
            ]
        }
    },
    {
        "Name": "Positive Wavefunction",
        "Properties": {
            "Base Color": [
                1,
                0,
                0,
                1
            ],
            "Alpha": 0.8,
            "Transmission Weight": 0.5,
            "Emission Color": [
                1,
                0,
                0,
                1
            ],
            "Emission Strength": 0.5
        }
    },
    {
        "Name": "Negative Wavefunction",
        "Properties": {
            "Base Color": [
                0,
                0,
                1,
                1
            ],
            "Alpha": 0.8,
            "Transmission Weight": 0.5,
            "Emission Color": [
                0,
                0,
                1,
                1
            ],
            "Emission Strength": 0.5
        }
    },
    {
        "Name": "Charge Density",
        "Properties": {
            "Base Color": [
                0.5,
                0.4,
                0.1,
                1
            ],
            "Alpha": 0.8,
            "Transmission Weight": 0.5,
            "Emission Color": [
                0.5,
                0.4,
                0.1,
                1
            ],
            "Emission Strength": 0.5
        }
    }
]